Date/Time,CORE_ZN:Zone Mean Air Temperature [C](Hourly),PERIMETER_ZN_1:Zone Mean Air Temperature [C](Hourly),PERIMETER_ZN_2:Zone Mean Air Temperature [C](Hourly),PERIMETER_ZN_3:Zone Mean Air Temperature [C](Hourly),PERIMETER_ZN_4:Zone Mean Air Temperature [C](Hourly),ATTIC:Zone Mean Air Temperature [C](Hourly),CORE_ZN:Zone Thermal Comfort Fanger Model PMV [](Hourly),PERIMETER_ZN_1:Zone Thermal Comfort Fanger Model PMV [](Hourly),PERIMETER_ZN_2:Zone Thermal Comfort Fanger Model PMV [](Hourly),PERIMETER_ZN_3:Zone Thermal Comfort Fanger Model PMV [](Hourly),PERIMETER_ZN_4:Zone Thermal Comfort Fanger Model PMV [](Hourly) 
 01/08  01:00:00,16.09744835632948,15.243898778358584,15.02559138214811,15.02720568584201,15.164996134795096,-7.863705677318134,-1.759959492751169,-1.968308137472023,-2.0367809505160306,-2.040405643426981,-2.000874753360053 
 01/08  02:00:00,15.866049410465374,15.342026777120006,15.250316309195576,15.25114109456397,15.289820069542294,-6.1006899709397615,-1.7989552645198552,-1.9587377321786414,-2.0089673444442977,-2.0125966062866802,-1.9871378729869265 
 01/08  03:00:00,15.815493187224122,15.366483560648657,15.292070093233894,15.292343677349832,15.323324974955758,-5.48441516627073,-1.809912773374439,-1.955943295799862,-2.0012016991847696,-2.0046096729563114,-1.9819381011207569 
 01/08  04:00:00,15.785171088811698,15.196065656104025,15.068881727613455,15.06997729300223,15.120530140549278,-4.743864459230287,-1.8166899826797889,-1.9792561468867746,-2.029444557259579,-2.0325572818385393,-2.0085496411793216 
 01/08  05:00:00,15.762974647147391,15.346974477436145,15.26843530908112,15.268321317712104,15.300096844580843,-4.47195928899688,-1.8218658802428858,-1.9622323723415318,-2.0050744380210737,-2.0086001902714075,-1.9873933042230458 
 01/08  06:00:00,15.740540352956554,15.366509469872147,15.300803078931644,15.300501454616901,15.326900544715187,-4.737075887720457,-1.8270941518194659,-1.9600008479525834,-1.9990759666575475,-2.0024006503894602,-1.9830536417404536 
 01/08  07:00:00,15.718132440103094,15.196195761369285,15.083791519026988,15.083858729733041,15.127689835550855,-4.698712155118324,-1.8322177444096674,-1.983276053284619,-2.0269241427841065,-2.030026049151688,-2.009240319654687 
 01/08  08:00:00,15.706724337598523,15.382465313582422,15.331619572725243,15.271081704644743,15.296701008161266,-4.144129561023409,-1.834553720777064,-1.943874079499685,-1.972745436740394,-2.0049503303519636,-1.9868907216509089 
 01/08  09:00:00,15.78204257935646,15.27919173429349,15.30165508811443,15.314854130287536,15.336569670862522,-0.6991800111570594,-1.8175459915581245,-1.9020827515117704,-1.9193636255843458,-1.986476954290615,-1.9685134906894197 
 01/08  10:00:00,15.853911626667843,15.30588378397514,15.190987972581038,15.142273332871845,15.182735481811289,2.433187240976192,-1.8045229973472108,-1.9116370279540056,-1.9521055743351323,-2.0022097202934726,-1.9815291493977822 
 01/08  11:00:00,16.20532700440929,15.264009380317647,15.397664173937255,15.331270218150545,15.356904099408084,2.1473197098297483,-1.7561763819456488,-1.934484860716594,-1.9397175099741588,-1.9779513535933038,-1.95997320178963 
 01/08  12:00:00,16.291913970397506,15.249245946464637,15.27094986116173,15.366571772155842,15.38734500718477,1.4343426536103918,-1.7408100097394068,-1.9420231387484115,-1.9599142563051886,-1.9684650474541778,-1.9528057045518743 
 01/08  13:00:00,16.322847806729655,15.251575737248572,15.386180286303965,15.202512858911017,15.238160271823087,2.640930523343025,-1.7344470353150165,-1.9328131612399317,-1.9442495593769495,-1.984380768140165,-1.9668545057535431 
 01/08  14:00:00,16.371414138082592,15.37906568809656,15.407423567924685,15.37384300601682,15.26321031740814,5.917500319777188,-1.723712510433225,-1.8651228853058506,-1.9324504379342387,-1.9539981304415404,-1.9399919416367513 
 01/08  15:00:00,16.463774676839428,16.26812680072442,15.30435528600919,15.40194235684101,15.56300871139818,9.854414219538956,-1.7032056132919033,-1.6805930648451202,-1.9377488572880517,-1.942852589908961,-1.8515258961916854 
 01/08  16:00:00,16.601933441235303,16.650141764072337,15.19785067263207,15.246618901799966,15.961097893832726,9.50681567914035,-1.671948552982548,-1.5934753652239264,-1.9522251197942135,-1.961248132752993,-1.74470301852791 
 01/08  17:00:00,16.704968209214254,16.238877268873047,15.38161438820113,15.35550304049235,15.92908599467411,4.638283624303325,-1.6497744414052136,-1.6787644036781568,-1.934530854619426,-1.9538613703858152,-1.7499476554321203 
 01/08  18:00:00,16.64865629030656,15.332925376074408,15.361460189419265,15.342370901540924,15.355190886073615,-1.7257416988983745,-1.664767451297139,-1.8611504850189133,-1.951339892131335,-1.9669166102595208,-1.888371505766103 
 01/08  19:00:00,16.526356777943125,15.312396321744018,15.136707065000266,15.110634362531716,15.182404187256429,-6.0734895014797114,-1.6910667866071771,-1.9000109398138174,-1.9941796628042527,-2.0083649265022365,-1.9452936257333417 
 01/08  20:00:00,16.43095534182819,15.199764259031095,15.28432623207133,15.271411465603059,15.223431086377218,-8.218213175823353,-1.711261762558691,-1.9381393514500826,-1.9857164411147528,-1.9964961174392832,-1.9585005315296784 
 01/08  21:00:00,16.36276752978167,15.398596398329687,15.308334997428775,15.298192630952514,15.347126087529887,-9.30913850214307,-1.725599819192983,-1.9249656055292768,-1.9875932766389202,-1.9968541258714052,-1.9562490667608852 
 01/08  22:00:00,16.31394746407038,15.38020906236236,15.04084777765581,15.031763657295992,15.332160637789539,-9.617095679356563,-1.7358903781723543,-1.9354511001558299,-2.0270391156526095,-2.0350657240853405,-1.9655677168430614 
 01/08  23:00:00,16.281343486512046,15.186495155348704,15.23459050583428,15.231260063922802,15.101961498758072,-8.840781091956366,-1.74287883878305,-1.9686259181807206,-2.0083016315617965,-2.01458073413554,-2.002526444183869 
 01/08  24:00:00,16.25785505774355,15.333775183493929,15.269319866666308,15.267400464996644,15.279953168405964,-8.83074296885486,-1.7480251981177788,-1.956534767310552,-2.005144229863546,-2.010392052949638,-1.9859240016213988 
 01/09  01:00:00,16.46639896443096,15.390330268615951,15.093094513355362,15.090848927635752,15.34328272988455,-8.815488300629525,-1.7195501013564753,-1.9539182073795727,-2.0311042911580652,-2.0360622080352924,-1.981433812193822 
 01/09  02:00:00,16.501843507195407,15.249741508771958,15.295494801646738,15.29376188230112,15.16697475103745,-9.075285826294575,-1.712621945221464,-1.9751556223251776,-2.0070368496708424,-2.0114732699427815,-2.006762213957019 
 01/09  03:00:00,16.515931746210317,15.385307202146858,15.323241443262285,15.323123747315314,15.335278383878233,-7.95586761640276,-1.7097696779513933,-1.961215291783614,-2.0028947771163406,-2.0063099989575646,-1.9883682544729937 
 01/09  04:00:00,16.526152485578212,15.399027802403266,15.123020888084959,15.123419607124696,15.356199572957925,-7.35915657778165,-1.7076472517087513,-1.9616113896624485,-2.0308657507346917,-2.033719788134892,-1.9868293654236029 
 01/09  05:00:00,16.532980615977007,15.257355293187675,15.31511560179757,15.315517986801439,15.181915208477525,-7.059183639090014,-1.7061722547595852,-1.9830874185534015,-2.0086831949959487,-2.0110961836715417,-2.011852376382604 
 01/09  06:00:00,16.53708105663462,15.38851097478909,15.33558070208802,15.336805598433454,15.34483163208191,-7.123921231250549,-1.705326293203672,-1.970662292405653,-2.006621792692295,-2.0083848115946585,-1.9945773404929623 
 01/09  07:00:00,21.121080473948524,20.071812243923624,20.68236246148231,19.52224471808937,21.694089714082338,-8.210456632191125,-1.0190112294175664,-1.2695557069200956,-1.2023173653832926,-1.3790364257075987,-1.0411041725267642 
 01/09  08:00:00,21.92118421286115,20.284141995647342,21.109469183381616,20.623757796167055,22.59522149389926,-9.276530902807465,-0.8020255793762536,-1.131297017955366,-0.9954465991477737,-1.123766472138,-0.7697508011134502 
 01/09  09:00:00,22.5983211245723,22.48199429021957,21.110002756750077,21.86383696005654,22.609996508899133,-4.7223478203188805,-0.6161341481304035,-0.669751242118152,-0.8618763388325874,-0.8596933301484011,-0.6830258667940159 
 01/09  10:00:00,22.610001268733868,22.609954970538933,21.110000003317957,22.53254444200723,22.6100000105255,3.9808602813947362,-0.5393937662917274,-0.5166980287220477,-0.7988662547255169,-0.6785311463394548,-0.618936648939156 
 01/09  11:00:00,22.61000000034751,22.609999979713116,20.55826623533762,22.47142396363671,22.61000000001883,12.554398905566993,-0.49243806569839055,-0.43423871168096684,-0.865435350830937,-0.6317124863997567,-0.5741624665914287 
 01/09  12:00:00,22.610000000000102,22.609999999989057,21.075414665340187,22.609631155784673,22.610000000000035,18.903861633948168,-0.4539439735231067,-0.36660802824121963,-0.8033824007186395,-0.5759042767182723,-0.5402629307937881 
 01/09  13:00:00,22.609999999999996,22.609999999999992,20.558358474065983,22.609999892738955,22.61,22.49781866742463,-0.4254069580391809,-0.3280586041158819,-0.8643991559572362,-0.5534179411873531,-0.5153768439070883 
 01/09  14:00:00,22.610000000000003,22.732097692799652,21.075107442363446,22.609999999967116,22.609999999999996,22.80102966268994,-0.3978558782135909,-0.2819381967912,-0.782355090690192,-0.5325983626803656,-0.4689245726317012 
 01/09  15:00:00,22.61,22.957805716517917,20.55684280930498,22.60999999999999,22.610000000000007,20.802678618483405,-0.3745883548838027,-0.22400500965718864,-0.8421150651537705,-0.5104745817409198,-0.4143676048027824 
 01/09  16:00:00,22.61,22.92775260940338,21.074639507711353,22.61,22.61,16.95514801719552,-0.35793375599279553,-0.22204258851759942,-0.7640108691011445,-0.49270820739644633,-0.36567739490282 
 01/09  17:00:00,22.61,22.61968649823286,21.109945709557472,22.610000000000003,22.61,11.052024802521084,-0.34322577669856913,-0.30920110339832774,-0.7489237922267651,-0.4835555554951254,-0.36988112685803 
 01/09  18:00:00,22.610000000000003,22.610008920789042,21.109999913255063,22.61,22.61,4.744271317118919,-0.3538890303926649,-0.38222564647226986,-0.7609602942446763,-0.4914501069454043,-0.42452289327958487 
 01/09  19:00:00,22.61,22.610000006011106,21.10999999986722,22.610102431594214,22.61,0.5730169165260874,-0.3768625305832438,-0.42143872467145926,-0.7749924786870872,-0.5053271348860386,-0.452008599540391 
 01/09  20:00:00,20.71888075175991,20.68817480836155,19.004751341276346,19.57361055749876,20.10582865221792,-1.84591489287511,-0.6508091627903472,-0.7133053174132512,-1.083864352072181,-0.9538735860500906,-0.8258650768130619 
 01/09  21:00:00,20.175458853241132,20.002979204184726,18.36592063739277,18.694943081211242,19.30496996139424,-3.0302398768488894,-0.7496236652357947,-0.8512483428044445,-1.2140377293029336,-1.1316727937082895,-0.9897873471423013 
 01/09  22:00:00,19.905080492141796,19.607223816117394,17.9790205782702,18.255435850164645,18.858130106212446,-2.952704808206316,-0.7933998064914971,-0.9313783234640733,-1.2904256324650192,-1.22016149979296,-1.081597454544103 
 01/09  23:00:00,19.69699666217652,19.22206292903195,17.642143593127084,17.886923614312842,18.46106778970909,-2.240477618011902,-0.8301723771762949,-1.005463753782685,-1.3556608467088884,-1.292605280260149,-1.1591967523312736 
 01/09  24:00:00,19.48008239463992,18.90511853633255,17.350151647460052,17.574630328578525,18.122215374576886,-1.6192860015109667,-0.8710827990598715,-1.0677532150902482,-1.4137331835272045,-1.3552328820378399,-1.2280588616346746 
 01/10  01:00:00,19.603295577080917,18.993704484883402,17.465884105484594,17.682202078408455,18.20534238463666,-1.6999159590408524,-0.8637455560406171,-1.0751777671091016,-1.413367695673258,-1.357019653636459,-1.235568430846452 
 01/10  02:00:00,19.568113345911293,18.840280835701495,17.34339251372529,17.560281422883318,18.042388388414107,-1.4646906615429334,-0.8723442235063599,-1.1043219794883483,-1.4364116170236285,-1.380794099931382,-1.2671082231447564 
 01/10  03:00:00,19.527810192766907,18.65811574977844,17.1741526344192,17.395665676339714,17.84223452972651,0.22463727750678006,-0.8815639924740419,-1.139498400145956,-1.4695626154444807,-1.4141708430697302,-1.3080397539672588 
 01/10  04:00:00,19.489871965910407,18.616248819332363,17.165482962632915,17.37481129985578,17.809167561144797,0.6024833102662827,-0.8901241438577019,-1.157220157338156,-1.4808801785596952,-1.4280755520701751,-1.3255871997364865 
 01/10  05:00:00,19.598381556696896,18.566838602831492,17.153409323214248,17.35727837777236,17.77193074074629,0.1092497928550788,-0.8786767894242711,-1.172084925242278,-1.4886642630553046,-1.4372840684821817,-1.3390165376428071 
 01/10  06:00:00,19.827154075457557,18.49214088291258,17.10446132660994,17.30854464901278,17.70144276169839,0.7874145743865408,-0.8447686134493954,-1.1906852547546416,-1.501900913042628,-1.4510410460584615,-1.3574863148804919 
 01/10  07:00:00,22.48344990843254,22.36540860619378,20.799462185438934,22.19572837252298,22.129624855466066,0.6160361253909525,-0.44380757073907484,-0.6249415413437742,-0.9613902654976627,-0.729154282962315,-0.7083798522541713 
 01/10  08:00:00,22.609962026422163,22.603528942594465,21.109679084135934,22.52884423550381,22.60915434356503,0.7825213196635679,-0.38535358334323355,-0.5039734335046177,-0.8136714642325875,-0.5928594758486369,-0.5514355757393155 
 01/10  09:00:00,22.609999986902785,22.609979511236894,21.13003428572371,22.609416866480977,22.60999830310685,5.388115833798306,-0.35452801064947503,-0.38872296019485264,-0.6895765736439807,-0.5240237498769547,-0.495352011214298 
 01/10  10:00:00,22.60999999999479,22.822594653796887,21.509410987112144,22.609999803893984,22.609999996083257,12.952661108942152,-0.32625268407022345,-0.27014669618173515,-0.5864877994614407,-0.48097770660917855,-0.4540563165533357 
 01/10  11:00:00,22.61,23.559792288431957,21.393242387572908,22.609999999927023,22.609999999989782,19.92260549384106,-0.30661491336370733,-0.09445195781097428,-0.5915846853318634,-0.452726765631665,-0.42206848919368634 
 01/10  12:00:00,22.566068813282207,23.88665504472986,21.519619358143025,22.60999999999997,22.60999999999997,24.323382404277694,-0.29052500234806733,0.02874685939894643,-0.5840404674126605,-0.42947860144058814,-0.39629445977328026 
 01/10  13:00:00,22.602017201986918,23.485549181627213,21.184033329512804,22.61,22.61,26.15310375974616,-0.26935281238358894,0.017555948125675496,-0.6273015010667831,-0.4145218242518271,-0.3783300172265379 
 01/10  14:00:00,22.609995731025087,23.86138576881941,21.34591769881318,22.61,22.578625755678832,24.585185869853593,-0.24351083489169906,0.09216074591423978,-0.600221772123211,-0.40076594740381966,-0.3410033826544865 
 01/10  15:00:00,22.609999997523357,23.889952997657435,21.19022254509343,22.61,22.640545691532772,20.139183257606902,-0.22472246400083945,0.12042836871025923,-0.6190594551882618,-0.3858868230074617,-0.2812063223134504 
 01/10  16:00:00,22.60999999999851,23.889999909456048,21.1617536566878,22.61,22.946096160383664,14.624594933235628,-0.21570056928721795,0.11324145339957453,-0.6237201243529201,-0.3771325339686933,-0.19451631432868025 
 01/10  17:00:00,22.609999999999996,23.765843349334304,21.110905882228693,22.61,22.896273523640602,8.269744854124585,-0.2109974846910933,0.0413619910788478,-0.6359253719171385,-0.37578539593025845,-0.21146339623658328 
 01/10  18:00:00,22.61,22.6655383815625,21.11000210454711,22.61,22.6174889532729,2.4531651481382664,-0.231079877021432,-0.195704241773565,-0.6563138166943638,-0.39224398198250754,-0.312970215264717 
 01/10  19:00:00,22.61,22.610095715518376,21.110000004585665,22.610000000000003,22.61003003224737,-0.9601496921968895,-0.262350201335919,-0.26776947741293433,-0.679300324107144,-0.4137583866317383,-0.3532477332052217 
 01/10  20:00:00,21.740724950854215,21.650406656085508,19.54426328979343,20.17053325665725,20.66519132223503,-2.0317667327750137,-0.392762099195093,-0.4317974143723665,-0.9151414380943433,-0.774768948245131,-0.650817544161045 
 01/10  21:00:00,21.448518207856957,21.367436265683743,19.17097306982928,19.562877587996596,20.140443836267423,-1.3987000158607263,-0.4388600356483091,-0.5019680671497355,-1.001011085456987,-0.9058135194084347,-0.7689686151085423 
 01/10  22:00:00,21.29562400641486,21.228403365375968,19.022514612026107,19.35032505545903,19.936243960504168,-1.197882498160964,-0.45756284057033875,-0.5408241477891835,-1.040336253382192,-0.9596276977187813,-0.823333056917703 
 01/10  23:00:00,21.15382947774634,21.001980786813245,18.81049564426845,19.09811624301741,19.666118577840543,-0.956904570216338,-0.4801337297858167,-0.5895440915287387,-1.0831128350839445,-1.011958895942386,-0.8811268457465624 
 01/10  24:00:00,20.97623747686412,20.872542292398293,18.693416532880384,18.95078692498361,19.520093194870984,-0.6049911478064887,-0.5127306943065572,-0.6248030018921962,-1.1140729052117162,-1.0486290167447474,-0.9201729351955554 
 01/11  01:00:00,21.129916340351162,21.00144398795542,18.890770993035385,19.134541497105786,19.673383360276567,-0.6076541023337085,-0.4992032942289243,-0.6203047607734896,-1.0984492885877695,-1.0359823221277207,-0.9116697750465448 
 01/11  02:00:00,21.11679439884313,20.803485347980217,18.738621981058703,18.97153144317541,19.481619699215308,-0.9939677827729063,-0.503591650165035,-0.6602256586948579,-1.127185676522903,-1.0679410726780016,-0.9492060305707926 
 01/11  03:00:00,21.080027366340353,20.690671163602072,18.6617629264641,18.886570765298508,19.380318122127356,-1.123126789110673,-0.5119167455773167,-0.6865921513601497,-1.1446900386856045,-1.0877834005806541,-0.9731483893117008 
 01/11  04:00:00,21.0442717853887,20.52532500427066,18.527892258833944,18.759959922034497,19.23230621522957,-0.22388802777918454,-0.5200965965599909,-0.7202046839395889,-1.1701228266224168,-1.112733109554731,-1.0032010441137078 
 01/11  05:00:00,21.16727090998201,20.269066879187655,18.28433087157675,18.525051859153255,18.991556364163795,-0.8033889569881121,-0.5067154709344734,-0.7705305115938554,-1.2147111447659749,-1.156724164233028,-1.0495485907616933 
 01/11  06:00:00,21.37495952379628,20.184158883153945,18.234702522975063,18.467959165806285,18.92872113714989,-1.8286045355891498,-0.4766544154943749,-0.797299018472901,-1.2335895514940431,-1.177254196146944,-1.0722855590672773 
 01/11  07:00:00,22.552472799898023,22.4728120276395,20.881784241487004,22.384397407241494,22.278357883535328,-1.914874658404812,-0.29994089251342937,-0.4673578224177774,-0.8501904144963488,-0.6019253635689952,-0.5840243692549112 
 01/11  08:00:00,22.60997585162862,22.609925757402976,21.10970052815781,22.60993145959529,22.609290865138668,0.21057070269585393,-0.27484569253398816,-0.39434688537051893,-0.746201632107422,-0.49895628193286784,-0.4743267340236798 
 01/11  09:00:00,22.60999998866937,22.612901518180752,21.17107595008816,22.609999975886353,22.609998296996785,3.6190507194265162,-0.25332518450392205,-0.3084202682581159,-0.6488972806295912,-0.44846172690026065,-0.4235219804722631 
 01/11  10:00:00,22.68283897394322,22.951659872798324,21.569280833506888,22.60999999999036,22.60999999534885,10.195415141873863,-0.2163562947110514,-0.20684825357299347,-0.5542401501925869,-0.4012626778236174,-0.38095713423947386 
 01/11  11:00:00,22.961973959068445,23.60527084438914,21.54040154146614,22.609999999999996,22.60999999998591,16.65686596457373,-0.15828058425477193,-0.0639009263317898,-0.5361838642591814,-0.3696438959516036,-0.3499679701047378 
 01/11  12:00:00,23.230718227494606,23.86094314978505,22.04804727384342,22.61,22.66520362788616,20.145173810212746,-0.09928724830156116,-0.0104470908428603,-0.45774501363517534,-0.34620995759659945,-0.319197830316139 
 01/11  13:00:00,23.188405152092958,23.366559491282032,21.72017556591204,22.61,22.667123724162455,21.86211857648435,-0.0903132405035314,-0.06961254342378816,-0.4886604139961119,-0.33447456515254836,-0.30289155447112553 
 01/11  14:00:00,23.425039129589404,23.840681907991243,22.23566937462286,22.61,22.94995199045342,22.13208656922238,-0.038603021841452714,0.0027654188777446248,-0.4055381854803591,-0.3206504311931476,-0.24230199102054342 
 01/11  15:00:00,23.664741281919262,23.889947757187752,21.98608073308689,22.63933638403909,23.291845285711275,21.57526477944421,0.012669061262729077,0.028800043896249045,-0.42604108874931845,-0.3036984555932075,-0.16565088302700448 
 01/11  16:00:00,23.797881965990296,23.889999940172526,22.473978148942006,22.676810102960612,23.48800808506607,19.734233654344536,0.03891536819927275,0.026090663803764916,-0.3543077249980194,-0.2929396649284012,-0.12059950550068162 
 01/11  17:00:00,23.67598290106005,23.805028965324905,22.382106948387975,22.61175633876647,23.265673078983518,14.946051391268927,0.02898762382336351,-0.001545585335696968,-0.3583230443556993,-0.3027390413530323,-0.15637626526792942 
 01/11  18:00:00,22.802093001656413,22.667628556568992,21.506167700527083,22.61000110125096,22.65189736083238,9.26263052587146,-0.11040167330697243,-0.20146794580546926,-0.4997993693190632,-0.3211815045724433,-0.2665580665837797 
 01/11  19:00:00,22.610400324187285,22.610130161569195,21.123187263742956,22.610000000645215,22.61018995520141,5.800959588114835,-0.18217144848558742,-0.26114254652946184,-0.5908268127058196,-0.34656594038785166,-0.30600264605894256 
 01/11  20:00:00,22.445293849388328,21.977996223947112,20.464997677469754,21.01746253204432,21.310163715173868,4.074650416000662,-0.2180940447962379,-0.37338042556631945,-0.7071424756669817,-0.5877503635854004,-0.5104530454640233 
 01/11  21:00:00,22.298598999662662,21.631556558105633,20.146898995766577,20.505347261459633,20.84016817011109,2.9200127302654804,-0.23479173708599793,-0.44296425660484035,-0.7736754880600625,-0.690886753147648,-0.6073762706923237 
 01/11  22:00:00,22.19790348402704,21.55646711261165,20.07499669909998,20.378649168917104,20.720996112967107,3.0976615927902795,-0.24236914313554472,-0.4684278100250624,-0.7991515298101499,-0.7274277242831906,-0.6443642046500714 
 01/11  23:00:00,22.08415940162263,21.395189128598545,19.927920277743766,20.203469199326697,20.544192279539452,2.5003189717522973,-0.25896086711121724,-0.5030967901955934,-0.8305046055670952,-0.7647531981861899,-0.682655897033268 
 01/11  24:00:00,21.915827861463832,21.05961689596963,19.585774279957676,19.84278944073107,20.174072414607263,1.4512493090929541,-0.2898398709043135,-0.567662134293191,-0.8946355348879038,-0.8323032733394098,-0.7530247374906904 
 01/12  01:00:00,22.058053885436006,21.051619961101053,19.59462228975053,19.85723422570835,20.165680519449175,0.7689251559687024,-0.2788389347248629,-0.5897352704237785,-0.9133962599089597,-0.8507817232526667,-0.7763511356287469 
 01/12  02:00:00,22.026662101595896,20.853854808467954,19.405839776691543,19.67421226654807,19.96890458411898,-0.6069270156815153,-0.2870139674451966,-0.6343166875151603,-0.9555687196693088,-0.8923073288385306,-0.8216856104140213 
 01/12  03:00:00,21.973108247151163,20.73565823112641,19.303219519247293,19.572842653786488,19.854470689780655,-1.1009778073013121,-0.29917107236087465,-0.6672268103989287,-0.985549372126303,-0.9220461966784343,-0.8553184454517547 
 01/12  04:00:00,21.919026348478155,20.65332335772241,19.24659800801344,19.509217139044576,19.784317809329355,-1.6776986380842565,-0.3115967714175388,-0.6948438971656901,-1.0081337775201156,-0.945872784036561,-0.881434248442782 
 01/12  05:00:00,22.034366353933535,20.480845297754094,19.090983042491935,19.354707876401047,19.62421654618136,-3.333686547342978,-0.3006049133369558,-0.7332873887237168,-1.0425747228189124,-0.9803036381720767,-0.9176225159105338 
 01/12  06:00:00,22.221323241825587,20.342428429639106,18.969097934089476,19.236424292431842,19.488610030788593,-3.4898590062733983,-0.2740319757591572,-0.7657982662479815,-1.0715793337546025,-1.0087049829736174,-0.95017330515934 
 01/12  07:00:00,22.698342547393185,22.48084755446594,20.94400413648919,22.42914417109534,22.326704836939484,-2.8442929567414326,-0.20171219873217888,-0.46262068514243654,-0.7894107131239781,-0.5452892451670582,-0.543535623599144 
 01/12  08:00:00,22.61791284759347,22.609942501170085,21.10973754617341,22.609936444824925,22.609324480545844,-2.946422907982064,-0.21357973577323752,-0.4132970613887659,-0.7263444667134937,-0.47209245890887663,-0.45567374008275513 
 01/12  09:00:00,22.650306661931268,22.61000152591083,21.10999952072441,22.6099999748879,22.609998237288828,-0.81273415411073,-0.208370563058398,-0.36709190402888037,-0.6799233376727571,-0.4331864945442104,-0.4182610341265164 
 01/12  10:00:00,22.886728776197707,22.61000000119628,21.134478255498813,22.609999999988972,22.60999999490283,3.952846093846884,-0.15975341546532398,-0.34617560494292077,-0.6615145333355901,-0.40093951843268016,-0.38932493145549624 
 01/12  11:00:00,23.027144008385804,22.61000000000098,21.021000647359493,22.609999999999992,22.609999999984243,7.06943794663057,-0.12359834392300648,-0.32614863009407363,-0.6669033653075327,-0.3760780947471251,-0.36679896965793374 
 01/12  12:00:00,23.128118870161767,22.545650206726663,21.25160395075069,22.61,22.60999999999995,9.279705417137194,-0.09296929367219321,-0.3180272073057185,-0.6214092344499498,-0.3560535538252739,-0.34810849821036105 
 01/12  13:00:00,23.001807027543364,22.6099431462066,21.137645634221958,22.609999999999992,22.61,11.210574380658105,-0.09977495407381037,-0.2844638822109617,-0.6242512862979209,-0.3445417355105892,-0.33439179015663684 
 01/12  14:00:00,23.249769130154856,23.394823621704724,21.481148335434234,22.609999999999996,22.698916184460657,15.626702967248594,-0.04790833103556835,-0.08392208122226755,-0.5568968429003184,-0.3297641089947444,-0.2769948394894671 
 01/12  15:00:00,23.450299834122838,23.88351793731306,21.571787796912812,22.61,23.1799082532147,18.229666559844794,0.0027152949524392217,0.048057410020597754,-0.5232750536571067,-0.31105422785512155,-0.15429668115216633 
 01/12  16:00:00,23.509329321898655,23.683460207546585,21.690693258599737,22.61,23.234645761414633,14.376775159013075,0.021890593229552585,-0.00011516156178429868,-0.4992899461331429,-0.30506619960154835,-0.13887416470339137 
 01/12  17:00:00,23.41184937205916,23.24982697997028,21.543026044170674,22.610000000000007,23.129790991011077,8.205684772305563,0.012413968137741609,-0.08102332249513958,-0.518910843242924,-0.3076584614918615,-0.14937298760879536 
 01/12  18:00:00,22.70356263706409,22.635293448939592,21.136487694537998,22.61,22.644686147875383,2.7243583784903933,-0.10628433812091123,-0.2287820945917127,-0.5957512244667584,-0.32556926764878447,-0.2613370289652279 
 01/12  19:00:00,22.61013264110968,22.610040925269757,21.11007690559995,22.61,22.610170783003795,-2.0660514688843796,-0.1607526468722685,-0.2826693891925378,-0.6280945307094364,-0.3504179330969882,-0.30437647606280704 
 01/12  20:00:00,22.5959376803274,21.51363193267381,19.97027785475716,20.756962801636973,21.103682663279255,-5.021804356832027,-0.17522419349212748,-0.4617727744265456,-0.8072862299304393,-0.6287984988903349,-0.5407444020781584 
 01/12  21:00:00,22.4454639447337,21.032499340526087,19.491149466689585,20.088489497368684,20.483430626697796,-6.355609375307207,-0.19315792077987665,-0.5595718922811775,-0.9031408354058965,-0.7601261816849305,-0.6655850717716789 
 01/12  22:00:00,22.31570152270049,20.703363458703702,19.17052286142806,19.737905747873715,20.109214627347335,-6.4533517248030154,-0.20688697607690823,-0.6284220256632965,-0.9680636692637213,-0.834858644164626,-0.7462102176680251 
 01/12  23:00:00,22.162344274594616,20.438612442619565,18.92509784299615,19.474372145784443,19.825045899592947,-6.361593442595889,-0.2314505194667908,-0.6881555153008163,-1.024033352885934,-0.8955228756186597,-0.8128103097194829 
 01/12  24:00:00,21.960643446147266,20.172611810969507,18.68178302694791,19.21983662031193,19.55160377508446,-6.366491254270792,-0.2689482832443119,-0.7472089721014379,-1.0783164849088571,-0.9511851313924,-0.874589591371334 
 01/13  01:00:00,22.09085543243234,20.14138539840682,18.667869725494782,19.208149850172997,19.50485468994268,-5.9554153740118005,-0.2607079310738114,-0.7718141016863268,-1.0988527141515922,-0.9736802797410911,-0.9046844401750103 
 01/13  02:00:00,22.057687349038464,20.072840541558467,18.623676441355546,19.157434053513835,19.434013394740944,-5.11651886379812,-0.2693780264764846,-0.7957971844434291,-1.117788853170793,-0.994728651394464,-0.930836051415237 
 01/13  03:00:00,22.008698401616815,20.08507611282442,18.666065107626128,19.18442656654753,19.45755895428303,-5.301258471393605,-0.28087208820255116,-0.8066597895914582,-1.1224409643891573,-1.0035911639138653,-0.9408726419340145 
 01/13  04:00:00,21.955077156409228,20.023511880288275,18.636501359773064,19.141036205526095,19.40322346201626,-5.831038234000946,-0.293030422947774,-0.8261238485255404,-1.1350720183606604,-1.0193771457322607,-0.959432998869518 
 01/13  05:00:00,22.0702586849221,19.86977450483007,18.50569412836867,19.00610192592638,19.257104806157663,-6.367602456175484,-0.2823235745844936,-0.8601672283371271,-1.1638036700155814,-1.0494798702312902,-0.9921085228631455 
 01/13  06:00:00,22.270300681192367,19.87575251561108,18.536615685775566,19.02442297401988,19.274748044004394,-6.5303662159070335,-0.2540080287954846,-0.8695097447491311,-1.1687133210361023,-1.0562679311489989,-0.9999837408864627 
 01/13  07:00:00,22.731645747953557,22.459193942303976,20.9223238226086,22.42753617609536,22.311445225284416,-6.771063638989105,-0.18360057175973982,-0.49746637333388594,-0.8244183298856801,-0.5570987475068027,-0.5582414272803154 
 01/13  08:00:00,22.62045664122426,22.610012106242124,21.109739172386558,22.609993403030046,22.609327873565345,-6.601894542147469,-0.19650077868749982,-0.4202492395621208,-0.7314974739804143,-0.47460014560435304,-0.4616484269676597 
 01/13  09:00:00,22.6100066278506,22.610002130860003,21.109999547918342,22.61000058242168,22.609998332969134,-1.7541273210347923,-0.19036794625041298,-0.34320409542985697,-0.6505700615406833,-0.43056712184937546,-0.41659197409154036 
 01/13  10:00:00,22.667374122994197,22.610000001780904,21.109999999017393,22.61000000024624,22.609999995343045,1.6961173001947123,-0.16859904279709348,-0.34371121040142644,-0.6572522007222725,-0.4016725452479958,-0.3904988707971672 
 01/13  11:00:00,22.76964080612125,22.610000000001385,20.843236605621797,22.61000000000011,22.609999999986268,2.253107988002837,-0.14453535581317156,-0.3331450659171232,-0.6955574795085451,-0.37939042413316254,-0.3709934676490083 
 01/13  12:00:00,22.914060149487042,22.53645608071573,21.0906550276505,22.61,22.60999999999996,6.18898614250959,-0.1117555062762598,-0.3128676337677161,-0.6483235309721929,-0.35591534565218225,-0.3486668261895991 
 01/13  13:00:00,22.806059521322204,22.59461404279919,20.888883966744064,22.61,22.61,9.694488441751831,-0.11397623197362333,-0.2905845983048654,-0.6673190314528645,-0.34401476809797765,-0.33489083428203986 
 01/13  14:00:00,22.959116146023298,22.639345401516138,21.092591189859515,22.61,22.61,11.905788772135324,-0.07255684232471918,-0.22047095242639886,-0.6228968252232574,-0.3257642480545046,-0.29779364433692407 
 01/13  15:00:00,23.074518834407286,22.86717848701801,21.155951465692382,22.61,22.64077453014261,12.485163857841927,-0.0359772976473299,-0.1459452979924149,-0.5997184134918097,-0.307356705154788,-0.2485431580241392 
 01/13  16:00:00,23.22861374497448,23.255619962137523,21.197250685935536,22.609999999999996,23.07832204830755,10.889998513403775,-0.0031731849647222287,-0.052332438345423976,-0.5824397142768589,-0.2971748975330535,-0.12767498745351558 
 01/13  17:00:00,23.309381245207724,23.11382910152027,21.195116234837833,22.610000000000003,23.339578175920753,7.070862250349388,0.015967447537036338,-0.0923616436383925,-0.5792988072791364,-0.29705557568400653,-0.07751026598610018 
 01/13  18:00:00,22.680484420641026,22.625672456703693,21.114490222219096,22.61,22.663549211872386,0.9555981418974421,-0.096210917787965,-0.2398603506722144,-0.61126143111082,-0.31927070293626597,-0.2358203249666882 
 01/13  19:00:00,22.610098060752257,22.610020627004445,21.11001130838013,22.609999999999996,22.610285608858188,-3.3494029577288713,-0.1503445919224631,-0.29403598870793596,-0.6367416707204461,-0.3460714960100035,-0.28944182775312094 
 01/13  20:00:00,22.609223269910323,21.221716211785672,19.680109250897775,20.567427890448236,20.96696020800709,-3.9807127756429885,-0.16155891358847851,-0.5121036451621026,-0.8541375247263098,-0.6512490189074658,-0.5484663804405832 
 01/13  21:00:00,22.461141329295188,20.744020625172553,19.217428975183303,19.930314470832037,20.379452243473352,-6.2036189163308855,-0.17930583606406908,-0.6137808498788576,-0.9506247483224296,-0.7814653439119185,-0.6731772099339037 
 01/13  22:00:00,22.319325173989476,20.424979974127798,18.9201869854266,19.596001145032155,20.013020851360757,-7.6420875628188885,-0.19540991338178756,-0.6855651365392326,-1.01692168788481,-0.8575780334227574,-0.7579663661577438 
 01/13  23:00:00,22.14738339663613,20.200996291955306,18.723975433868,19.377838686209884,19.776841728914466,-8.988262423799924,-0.22381997609515716,-0.742318337187283,-1.0678301360605313,-0.9139488331515478,-0.8205838717749714 
 01/13  24:00:00,21.9350709799957,20.077495216010462,18.626366646053516,19.255300042870932,19.650999041079615,-10.418195029699797,-0.2643628038560365,-0.7814438518818918,-1.1014489902537588,-0.9527235203476249,-0.8624157491808193 
 01/14  01:00:00,21.78465249313706,19.759715497518336,18.330191837116843,18.955712900702032,19.314244058631488,-10.839675422233034,-0.2969296223259638,-0.8436622324025083,-1.1587374257748044,-1.0105856200565022,-0.9282007056362361 
 01/14  02:00:00,21.671397563851304,19.393169001706863,17.98975541208632,18.618430119063802,18.933922681595117,-9.786653986173029,-0.32235883643137186,-0.9174024295404613,-1.2287140999299975,-1.080373759823392,-1.007029688809216 
 01/14  03:00:00,21.574149967040654,19.253226473445448,17.87205549876243,18.49437713432956,18.79226280306671,-9.036433376244448,-0.3448414352794369,-0.9595632208991072,-1.2666736126103921,-1.120102998984765,-1.0520226628658471 
 01/14  04:00:00,21.486707073047306,19.09348448513536,17.73636576264426,18.351160916716832,18.633363994977294,-9.437436087889877,-0.3651611291236088,-1.0022139388794644,-1.304481837413464,-1.1599218334057881,-1.0961359977971008 
 01/14  05:00:00,21.56267025912418,18.89537923660025,17.561718314511275,18.171360366573815,18.433410936622977,-9.869000400192334,-0.36296183922141967,-1.0496652435981504,-1.3472728379401475,-1.204277185075619,-1.1453787130921318 
 01/14  06:00:00,21.739904601571496,18.739774227639113,17.427008978867516,18.032803284347253,18.275741136755798,-9.6278710292419,-0.34120977619389187,-1.0899656613479138,-1.3834211666339944,-1.2417013103062318,-1.1874920683680648 
 01/14  07:00:00,21.694122862876846,18.616461523130255,17.323971181145268,17.92566331715243,18.15145009894166,-9.174434987274019,-0.35152361503251267,-1.1233815909090095,-1.4127048771238209,-1.272323710946349,-1.2222724089202583 
 01/14  08:00:00,21.652850815615444,18.93589575740924,17.740682425362564,18.10363197060301,18.332611498289744,-7.735417603824013,-0.3603374416825875,-1.07164374352649,-1.3386363020776473,-1.2544991486597834,-1.2054994233950889 
 01/14  09:00:00,21.727310836346085,19.74739322003101,18.70352890216313,18.333037068799552,18.569512122566778,-1.739044083823894,-0.343512089440532,-0.8953112855067784,-1.137306162447144,-1.2084476892943372,-1.1579756980519433 
 01/14  10:00:00,21.8256225337525,19.998795943936443,18.855839565768573,18.548760309764,18.78465696777246,5.539824576042417,-0.32380668981217325,-0.8498449644586221,-1.1125574352189047,-1.1641346246118165,-1.1133718892814162 
 01/14  11:00:00,21.86108240594162,19.916340765028604,18.784262008914205,18.68711233932457,18.905307822356164,8.931111534638347,-0.3165961161830217,-0.8688627374165118,-1.128108061074528,-1.1367197580053756,-1.0896560734403093 
 01/14  12:00:00,21.8901356516946,20.046942686207114,18.852533961318564,18.86813713653048,19.07111945206226,11.633233601480732,-0.31040597272648984,-0.8439214674573131,-1.1174657286267031,-1.1029574350595652,-1.058495709545353 
 01/14  13:00:00,21.918758990161407,20.029564394996434,18.845324262994424,18.936578155949817,19.139567803757735,12.531045768580741,-0.305097487884714,-0.8476989650604025,-1.120378478334728,-1.0912010072983633,-1.0461338579687962 
 01/14  14:00:00,21.94573609143371,20.547626668903625,18.94027124358657,19.071618552056822,19.419599440623895,14.129890480983525,-0.29936402173510507,-0.7305459844865,-1.0997789859949298,-1.063189452211049,-0.9834896618903005 
 01/14  15:00:00,22.032443347257306,21.60282113909783,19.089110787292036,19.187237837938603,20.187905513393318,18.218450791712623,-0.2800114125212504,-0.5035356180563094,-1.0684194491773145,-1.0389587154998856,-0.8160626134543402 
 01/14  16:00:00,22.1860582903602,22.150318321253323,19.207774392185346,19.264608183164057,21.043403366341806,18.41114295988667,-0.24534553613983728,-0.38386103021685086,-1.0469918712655855,-1.0254774245681815,-0.6313009505565831 
 01/14  17:00:00,22.307727803539812,21.91111482933217,19.17720916434854,19.24189093814613,21.240747818775265,13.948706436902185,-0.2193190181018111,-0.4405546769395565,-1.0565588918870195,-1.0334814374113335,-0.5934916137053377 
 01/14  18:00:00,22.24899217017213,21.09819766713108,18.94074954681531,19.034333609626565,20.41581110593319,7.898059473264716,-0.2357528786250082,-0.6161981225880544,-1.1077309575356904,-1.0786295331341407,-0.7709895592108851 
 01/14  19:00:00,22.11019997460354,20.53350617769228,18.639454124934453,18.75729476463419,19.88051545610118,3.3640132388969044,-0.2660183361748786,-0.732111787738534,-1.1656070206812805,-1.1310538395839973,-0.883692482704281 
 01/14  20:00:00,21.99673926480279,20.256744925698918,18.50864554556668,18.651148798575658,19.59012513304515,2.7737881329449556,-0.29031346372655903,-0.7970131581572669,-1.1977560850982376,-1.1584230891724716,-0.9510344705566862 
 01/14  21:00:00,21.91241393367553,19.96748629926534,18.292980747611473,18.46156852609324,19.274173079432227,2.283357923954878,-0.30901872805324615,-0.8600240183990566,-1.2416769342687635,-1.1979684661944445,-1.0177392556374532 
 01/14  22:00:00,21.836979256168256,19.703018646839055,18.081782838929968,18.269402246179183,19.000435282628548,0.9823256553423323,-0.32602764402735446,-0.9180489464253074,-1.2859006222328926,-1.2390863771901124,-1.0750519472611453 
 01/14  23:00:00,21.761926758110693,19.531884728668096,17.953121376024505,18.15515111112981,18.826039662044902,0.44112354002938203,-0.3423818331239342,-0.9571242497938619,-1.3148577509157813,-1.2653489494438657,-1.1147715117258128 
 01/14  24:00:00,21.705065989871986,19.46424094926711,17.922011784152787,18.133858111072023,18.760387796856804,2.2680317195500366,-0.3547653342040996,-0.9783478568466302,-1.3276715628426576,-1.2764898876576272,-1.13578343969167 
